Kind,Name,AvgCountLine,AvgCountLineBlank,AvgCountLineCode,AvgCountLineComment,AvgCyclomatic,CountClassBase,CountClassDerived,CountDeclClass,CountDeclClassMethod,CountDeclClassVariable,CountDeclExecutableUnit,CountDeclFile,CountDeclFunction,CountDeclInstanceMethod,CountDeclInstanceVariable,CountDeclInstanceVariablePrivate,CountDeclInstanceVariableProtected,CountDeclInstanceVariablePublic,CountDeclMethod,CountDeclMethodAll,CountDeclMethodPrivate,CountDeclMethodProtected,CountDeclMethodPublic,CountLine,CountLineBlank,CountLineCode,CountLineComment,CountStmt,CountStmtDecl,CountStmtExe,Cyclomatic,MaxCyclomatic,MaxInheritanceTree,MaxNesting,RatioCommentToCode,SumCyclomatic,CountCCViol,CountCCViolType,CCViolDensityLine,CCViolDensityCode,CognitiveComplexity,HalsteadMaintainIdx
Unnamed Function,"(unnamed_function_1)",,,,,,,,,,,,,,,,,,,,,,,,238,51,187,0,5,1,4,1,,,0,,34,0,0,"0,00","0,00",,"0,00"
Unnamed Function,"(unnamed_function_1)",,,,,,,,,,,,,,,,,,,,,,,,13,0,13,0,1,0,1,1,,,0,,1,0,0,"0,00","0,00",,"0,00"
Unnamed Function,"(unnamed_function_1)",,,,,,,,,,,,,,,,,,,,,,,,3,0,3,0,1,0,1,1,,,0,,1,0,0,"0,00","0,00",,"0,00"
Unnamed Function,"(unnamed_function_1)",,,,,,,,,,,,,,,,,,,,,,,,84,15,69,0,5,2,3,1,,,0,,18,0,0,"0,00","0,00",,"0,00"
Unnamed Function,"(unnamed_function_1)",,,,,,,,,,,,,,,,,,,,,,,,33,6,27,0,19,7,14,5,,,2,,5,0,0,"0,00","0,00",,"0,00"
Unnamed Function,"(unnamed_function_1)",,,,,,,,,,,,,,,,,,,,,,,,148,23,125,0,7,2,5,1,,,0,,19,0,0,"0,00","0,00",,"0,00"
Unnamed Function,"(unnamed_function_1)",,,,,,,,,,,,,,,,,,,,,,,,1,0,1,0,0,0,0,1,,,0,,1,0,0,"0,00","0,00",,"0,00"
Unnamed Function,"(unnamed_function_1)",,,,,,,,,,,,,,,,,,,,,,,,190,46,144,0,6,2,4,1,,,0,,21,0,0,"0,00","0,00",,"0,00"
Unnamed Function,"(unnamed_function_1)",,,,,,,,,,,,,,,,,,,,,,,,136,21,115,0,8,2,6,1,,,0,,27,0,0,"0,00","0,00",,"0,00"
Unnamed Function,"(unnamed_function_1)",,,,,,,,,,,,,,,,,,,,,,,,221,31,190,0,9,3,6,1,,,0,,32,0,0,"0,00","0,00",,"0,00"
Unnamed Function,"(unnamed_function_1)",,,,,,,,,,,,,,,,,,,,,,,,3,0,3,0,1,0,1,1,,,0,,1,0,0,"0,00","0,00",,"0,00"
Unnamed Function,"(unnamed_function_1)",,,,,,,,,,,,,,,,,,,,,,,,220,42,178,0,11,3,8,1,,,0,,38,0,0,"0,00","0,00",,"0,00"
Unnamed Function,"(unnamed_function_1)",,,,,,,,,,,,,,,,,,,,,,,,285,43,242,0,9,3,6,1,,,0,,57,0,0,"0,00","0,00",,"0,00"
Unnamed Function,"(unnamed_function_1)",,,,,,,,,,,,,,,,,,,,,,,,25,6,19,0,13,4,11,4,,,2,,4,0,0,"0,00","0,00",,"0,00"
Unnamed Function,"(unnamed_function_1)",,,,,,,,,,,,,,,,,,,,,,,,74,17,57,0,40,9,34,10,,,3,,10,0,0,"0,00","0,00",,"0,00"
Unnamed Function,"(unnamed_function_1)",,,,,,,,,,,,,,,,,,,,,,,,3,0,3,0,1,0,1,1,,,0,,1,0,0,"0,00","0,00",,"0,00"
Unnamed Function,"(unnamed_function_1).(unnamed_function_10)",,,,,,,,,,,,,,,,,,,,,,,,50,5,45,0,2,0,2,1,,,0,,7,0,0,"0,00","0,00",,"0,00"
Unnamed Function,"(unnamed_function_1).(unnamed_function_10).(unnamed_function_11)",,,,,,,,,,,,,,,,,,,,,,,,26,2,24,0,7,1,7,1,,,0,,3,0,0,"0,00","0,00",,"0,00"
Unnamed Function,"(unnamed_function_1).(unnamed_function_10).(unnamed_function_11).(unnamed_function_12)",,,,,,,,,,,,,,,,,,,,,,,,9,0,9,0,3,0,3,2,,,1,,2,0,0,"0,00","0,00",,"0,00"
Unnamed Function,"(unnamed_function_1).(unnamed_function_10).(unnamed_function_13)",,,,,,,,,,,,,,,,,,,,,,,,21,2,19,0,4,1,4,1,,,0,,3,0,0,"0,00","0,00",,"0,00"
Unnamed Function,"(unnamed_function_1).(unnamed_function_10).(unnamed_function_13).(unnamed_function_14)",,,,,,,,,,,,,,,,,,,,,,,,9,0,9,0,3,0,3,2,,,1,,2,0,0,"0,00","0,00",,"0,00"
Unnamed Function,"(unnamed_function_1).(unnamed_function_11)",,,,,,,,,,,,,,,,,,,,,,,,38,10,28,0,5,1,5,1,,,0,,5,0,0,"0,00","0,00",,"0,00"
Unnamed Function,"(unnamed_function_1).(unnamed_function_11)",,,,,,,,,,,,,,,,,,,,,,,,30,5,25,0,3,0,3,1,,,0,,9,0,0,"0,00","0,00",,"0,00"
Unnamed Function,"(unnamed_function_1).(unnamed_function_11).(unnamed_function_12)",,,,,,,,,,,,,,,,,,,,,,,,3,0,3,0,1,0,1,1,,,0,,1,0,0,"0,00","0,00",,"0,00"
Unnamed Function,"(unnamed_function_1).(unnamed_function_11).(unnamed_function_12)",,,,,,,,,,,,,,,,,,,,,,,,10,1,9,0,3,1,3,1,,,0,,3,0,0,"0,00","0,00",,"0,00"
Unnamed Function,"(unnamed_function_1).(unnamed_function_11).(unnamed_function_12).(unnamed_function_13)",,,,,,,,,,,,,,,,,,,,,,,,5,0,5,0,0,0,0,1,,,0,,2,0,0,"0,00","0,00",,"0,00"
Unnamed Function,"(unnamed_function_1).(unnamed_function_11).(unnamed_function_12).(unnamed_function_13).service.(unnamed_function_14)",,,,,,,,,,,,,,,,,,,,,,,,1,0,1,0,0,0,0,1,,,0,,1,0,0,"0,00","0,00",,"0,00"
Unnamed Function,"(unnamed_function_1).(unnamed_function_11).(unnamed_function_13)",,,,,,,,,,,,,,,,,,,,,,,,9,2,7,0,3,0,3,1,,,0,,1,0,0,"0,00","0,00",,"0,00"
Unnamed Function,"(unnamed_function_1).(unnamed_function_11).(unnamed_function_14)",,,,,,,,,,,,,,,,,,,,,,,,9,2,7,0,3,0,3,1,,,0,,1,0,0,"0,00","0,00",,"0,00"
Unnamed Function,"(unnamed_function_1).(unnamed_function_11).(unnamed_function_15)",,,,,,,,,,,,,,,,,,,,,,,,10,2,8,0,3,0,3,1,,,0,,1,0,0,"0,00","0,00",,"0,00"
Unnamed Function,"(unnamed_function_1).(unnamed_function_11).(unnamed_function_15)",,,,,,,,,,,,,,,,,,,,,,,,10,1,9,0,3,1,3,1,,,0,,3,0,0,"0,00","0,00",,"0,00"
Unnamed Function,"(unnamed_function_1).(unnamed_function_11).(unnamed_function_15).(unnamed_function_16)",,,,,,,,,,,,,,,,,,,,,,,,5,0,5,0,0,0,0,1,,,0,,2,0,0,"0,00","0,00",,"0,00"
Unnamed Function,"(unnamed_function_1).(unnamed_function_11).(unnamed_function_15).(unnamed_function_16).service.(unnamed_function_17)",,,,,,,,,,,,,,,,,,,,,,,,1,0,1,0,0,0,0,1,,,0,,1,0,0,"0,00","0,00",,"0,00"
Unnamed Function,"(unnamed_function_1).(unnamed_function_11).(unnamed_function_18)",,,,,,,,,,,,,,,,,,,,,,,,6,1,5,0,3,1,3,1,,,0,,2,0,0,"0,00","0,00",,"0,00"
Unnamed Function,"(unnamed_function_1).(unnamed_function_11).(unnamed_function_18).(unnamed_function_19)",,,,,,,,,,,,,,,,,,,,,,,,1,0,1,0,0,0,0,1,,,0,,1,0,0,"0,00","0,00",,"0,00"
Unnamed Function,"(unnamed_function_1).(unnamed_function_12)",,,,,,,,,,,,,,,,,,,,,,,,39,8,31,0,3,0,3,1,,,0,,7,0,0,"0,00","0,00",,"0,00"
Unnamed Function,"(unnamed_function_1).(unnamed_function_12)",,,,,,,,,,,,,,,,,,,,,,,,23,5,18,0,2,0,2,1,,,0,,5,0,0,"0,00","0,00",,"0,00"
Unnamed Function,"(unnamed_function_1).(unnamed_function_12).(unnamed_function_13)",,,,,,,,,,,,,,,,,,,,,,,,13,2,11,0,4,1,4,1,,,0,,2,0,0,"0,00","0,00",,"0,00"
Unnamed Function,"(unnamed_function_1).(unnamed_function_12).(unnamed_function_13)",,,,,,,,,,,,,,,,,,,,,,,,10,2,8,0,4,1,4,1,,,0,,2,0,0,"0,00","0,00",,"0,00"
Unnamed Function,"(unnamed_function_1).(unnamed_function_12).(unnamed_function_13).(unnamed_function_14)",,,,,,,,,,,,,,,,,,,,,,,,1,0,1,0,0,0,0,1,,,0,,1,0,0,"0,00","0,00",,"0,00"
Unnamed Function,"(unnamed_function_1).(unnamed_function_12).(unnamed_function_13).(unnamed_function_14)",,,,,,,,,,,,,,,,,,,,,,,,1,0,1,0,0,0,0,1,,,0,,1,0,0,"0,00","0,00",,"0,00"
Unnamed Function,"(unnamed_function_1).(unnamed_function_12).(unnamed_function_15)",,,,,,,,,,,,,,,,,,,,,,,,12,2,10,0,4,1,4,1,,,0,,2,0,0,"0,00","0,00",,"0,00"
Unnamed Function,"(unnamed_function_1).(unnamed_function_12).(unnamed_function_15)",,,,,,,,,,,,,,,,,,,,,,,,10,2,8,0,4,1,4,1,,,0,,2,0,0,"0,00","0,00",,"0,00"
Unnamed Function,"(unnamed_function_1).(unnamed_function_12).(unnamed_function_15).(unnamed_function_16)",,,,,,,,,,,,,,,,,,,,,,,,1,0,1,0,0,0,0,1,,,0,,1,0,0,"0,00","0,00",,"0,00"
Unnamed Function,"(unnamed_function_1).(unnamed_function_12).(unnamed_function_15).(unnamed_function_16)",,,,,,,,,,,,,,,,,,,,,,,,1,0,1,0,0,0,0,1,,,0,,1,0,0,"0,00","0,00",,"0,00"
Unnamed Function,"(unnamed_function_1).(unnamed_function_12).(unnamed_function_17)",,,,,,,,,,,,,,,,,,,,,,,,10,2,8,0,4,1,4,1,,,0,,2,0,0,"0,00","0,00",,"0,00"
Unnamed Function,"(unnamed_function_1).(unnamed_function_12).(unnamed_function_17).(unnamed_function_18)",,,,,,,,,,,,,,,,,,,,,,,,1,0,1,0,0,0,0,1,,,0,,1,0,0,"0,00","0,00",,"0,00"
Unnamed Function,"(unnamed_function_1).(unnamed_function_14)",,,,,,,,,,,,,,,,,,,,,,,,70,14,56,0,6,2,4,1,,,0,,11,0,0,"0,00","0,00",,"0,00"
Unnamed Function,"(unnamed_function_1).(unnamed_function_14).(unnamed_function_15)",,,,,,,,,,,,,,,,,,,,,,,,23,2,21,0,4,0,4,1,,,0,,3,0,0,"0,00","0,00",,"0,00"
Unnamed Function,"(unnamed_function_1).(unnamed_function_14).(unnamed_function_18)",,,,,,,,,,,,,,,,,,,,,,,,7,2,5,0,3,1,3,1,,,0,,1,0,0,"0,00","0,00",,"0,00"
Unnamed Function,"(unnamed_function_1).(unnamed_function_14).(unnamed_function_19)",,,,,,,,,,,,,,,,,,,,,,,,16,3,13,0,4,1,4,1,,,0,,3,0,0,"0,00","0,00",,"0,00"
Unnamed Function,"(unnamed_function_1).(unnamed_function_14).(unnamed_function_19).(unnamed_function_20)",,,,,,,,,,,,,,,,,,,,,,,,6,0,6,0,0,0,0,1,,,0,,2,0,0,"0,00","0,00",,"0,00"
Unnamed Function,"(unnamed_function_1).(unnamed_function_14).(unnamed_function_19).(unnamed_function_20).service.(unnamed_function_21)",,,,,,,,,,,,,,,,,,,,,,,,1,0,1,0,0,0,0,1,,,0,,1,0,0,"0,00","0,00",,"0,00"
Unnamed Function,"(unnamed_function_1).(unnamed_function_14).(unnamed_function_22)",,,,,,,,,,,,,,,,,,,,,,,,16,3,13,0,4,1,4,1,,,0,,3,0,0,"0,00","0,00",,"0,00"
Unnamed Function,"(unnamed_function_1).(unnamed_function_14).(unnamed_function_22).(unnamed_function_23)",,,,,,,,,,,,,,,,,,,,,,,,6,0,6,0,0,0,0,1,,,0,,2,0,0,"0,00","0,00",,"0,00"
Unnamed Function,"(unnamed_function_1).(unnamed_function_14).(unnamed_function_22).(unnamed_function_23).service.(unnamed_function_24)",,,,,,,,,,,,,,,,,,,,,,,,1,0,1,0,0,0,0,1,,,0,,1,0,0,"0,00","0,00",,"0,00"
Unnamed Function,"(unnamed_function_1).(unnamed_function_15)",,,,,,,,,,,,,,,,,,,,,,,,18,2,16,0,3,0,3,1,,,0,,4,0,0,"0,00","0,00",,"0,00"
Unnamed Function,"(unnamed_function_1).(unnamed_function_15)",,,,,,,,,,,,,,,,,,,,,,,,61,11,50,0,4,0,4,1,,,0,,5,0,0,"0,00","0,00",,"0,00"
Unnamed Function,"(unnamed_function_1).(unnamed_function_15).(unnamed_function_16)",,,,,,,,,,,,,,,,,,,,,,,,5,0,5,0,3,0,3,1,,,0,,1,0,0,"0,00","0,00",,"0,00"
Unnamed Function,"(unnamed_function_1).(unnamed_function_15).(unnamed_function_16)",,,,,,,,,,,,,,,,,,,,,,,,14,2,12,0,4,2,4,1,,,0,,1,0,0,"0,00","0,00",,"0,00"
Unnamed Function,"(unnamed_function_1).(unnamed_function_15).(unnamed_function_17)",,,,,,,,,,,,,,,,,,,,,,,,5,0,5,0,3,0,3,1,,,0,,1,0,0,"0,00","0,00",,"0,00"
Unnamed Function,"(unnamed_function_1).(unnamed_function_15).(unnamed_function_17)",,,,,,,,,,,,,,,,,,,,,,,,13,2,11,0,3,2,3,1,,,0,,1,0,0,"0,00","0,00",,"0,00"
Unnamed Function,"(unnamed_function_1).(unnamed_function_15).(unnamed_function_18)",,,,,,,,,,,,,,,,,,,,,,,,4,0,4,0,2,0,2,1,,,0,,1,0,0,"0,00","0,00",,"0,00"
Unnamed Function,"(unnamed_function_1).(unnamed_function_15).(unnamed_function_18)",,,,,,,,,,,,,,,,,,,,,,,,14,2,12,0,4,2,4,1,,,0,,1,0,0,"0,00","0,00",,"0,00"
Unnamed Function,"(unnamed_function_1).(unnamed_function_15).(unnamed_function_19)",,,,,,,,,,,,,,,,,,,,,,,,15,2,13,0,3,2,3,1,,,0,,1,0,0,"0,00","0,00",,"0,00"
Unnamed Function,"(unnamed_function_1).(unnamed_function_16)",,,,,,,,,,,,,,,,,,,,,,,,35,10,25,0,5,1,5,1,,,0,,5,0,0,"0,00","0,00",,"0,00"
Unnamed Function,"(unnamed_function_1).(unnamed_function_16).(unnamed_function_17)",,,,,,,,,,,,,,,,,,,,,,,,3,0,3,0,1,0,1,1,,,0,,1,0,0,"0,00","0,00",,"0,00"
Unnamed Function,"(unnamed_function_1).(unnamed_function_16).(unnamed_function_18)",,,,,,,,,,,,,,,,,,,,,,,,7,2,5,0,3,0,3,1,,,0,,1,0,0,"0,00","0,00",,"0,00"
Unnamed Function,"(unnamed_function_1).(unnamed_function_16).(unnamed_function_19)",,,,,,,,,,,,,,,,,,,,,,,,9,2,7,0,3,0,3,1,,,0,,1,0,0,"0,00","0,00",,"0,00"
Unnamed Function,"(unnamed_function_1).(unnamed_function_16).(unnamed_function_20)",,,,,,,,,,,,,,,,,,,,,,,,9,2,7,0,3,0,3,1,,,0,,1,0,0,"0,00","0,00",,"0,00"
Unnamed Function,"(unnamed_function_1).(unnamed_function_17)",,,,,,,,,,,,,,,,,,,,,,,,18,3,15,0,1,0,1,1,,,0,,3,0,0,"0,00","0,00",,"0,00"
Unnamed Function,"(unnamed_function_1).(unnamed_function_17).(unnamed_function_18)",,,,,,,,,,,,,,,,,,,,,,,,16,3,13,0,5,1,5,1,,,0,,2,0,0,"0,00","0,00",,"0,00"
Unnamed Function,"(unnamed_function_1).(unnamed_function_17).(unnamed_function_18).(unnamed_function_19)",,,,,,,,,,,,,,,,,,,,,,,,1,0,1,0,0,0,0,1,,,0,,1,0,0,"0,00","0,00",,"0,00"
Unnamed Function,"(unnamed_function_1).(unnamed_function_2)",,,,,,,,,,,,,,,,,,,,,,,,15,1,14,0,3,0,3,1,,,0,,1,0,0,"0,00","0,00",,"0,00"
Unnamed Function,"(unnamed_function_1).(unnamed_function_2)",,,,,,,,,,,,,,,,,,,,,,,,5,0,5,0,3,0,3,1,,,0,,1,0,0,"0,00","0,00",,"0,00"
Unnamed Function,"(unnamed_function_1).(unnamed_function_2)",,,,,,,,,,,,,,,,,,,,,,,,28,0,28,0,4,0,4,1,,,0,,3,0,0,"0,00","0,00",,"0,00"
Unnamed Function,"(unnamed_function_1).(unnamed_function_2)",,,,,,,,,,,,,,,,,,,,,,,,22,3,19,0,4,0,4,1,,,0,,1,0,0,"0,00","0,00",,"0,00"
Unnamed Function,"(unnamed_function_1).(unnamed_function_2)",,,,,,,,,,,,,,,,,,,,,,,,25,0,25,0,4,0,4,1,,,0,,2,0,0,"0,00","0,00",,"0,00"
Unnamed Function,"(unnamed_function_1).(unnamed_function_2)",,,,,,,,,,,,,,,,,,,,,,,,40,2,38,0,5,0,5,1,,,0,,7,0,0,"0,00","0,00",,"0,00"
Unnamed Function,"(unnamed_function_1).(unnamed_function_2)",,,,,,,,,,,,,,,,,,,,,,,,38,3,35,0,5,0,5,1,,,0,,5,0,0,"0,00","0,00",,"0,00"
Unnamed Function,"(unnamed_function_1).(unnamed_function_2)",,,,,,,,,,,,,,,,,,,,,,,,35,2,33,0,5,0,5,1,,,0,,7,0,0,"0,00","0,00",,"0,00"
Unnamed Function,"(unnamed_function_1).(unnamed_function_20)",,,,,,,,,,,,,,,,,,,,,,,,19,2,17,0,1,0,1,1,,,0,,4,0,0,"0,00","0,00",,"0,00"
Unnamed Function,"(unnamed_function_1).(unnamed_function_20)",,,,,,,,,,,,,,,,,,,,,,,,23,3,20,0,1,0,1,1,,,0,,4,0,0,"0,00","0,00",,"0,00"
Unnamed Function,"(unnamed_function_1).(unnamed_function_20)",,,,,,,,,,,,,,,,,,,,,,,,18,2,16,0,1,0,1,1,,,0,,4,0,0,"0,00","0,00",,"0,00"
Unnamed Function,"(unnamed_function_1).(unnamed_function_20).(unnamed_function_21)",,,,,,,,,,,,,,,,,,,,,,,,17,2,15,0,4,1,4,1,,,0,,3,0,0,"0,00","0,00",,"0,00"
Unnamed Function,"(unnamed_function_1).(unnamed_function_20).(unnamed_function_21)",,,,,,,,,,,,,,,,,,,,,,,,21,3,18,0,5,2,5,1,,,0,,3,0,0,"0,00","0,00",,"0,00"
Unnamed Function,"(unnamed_function_1).(unnamed_function_20).(unnamed_function_21)",,,,,,,,,,,,,,,,,,,,,,,,16,2,14,0,5,1,5,1,,,0,,3,0,0,"0,00","0,00",,"0,00"
Unnamed Function,"(unnamed_function_1).(unnamed_function_20).(unnamed_function_21).(unnamed_function_22)",,,,,,,,,,,,,,,,,,,,,,,,5,0,5,0,0,0,0,1,,,0,,2,0,0,"0,00","0,00",,"0,00"
Unnamed Function,"(unnamed_function_1).(unnamed_function_20).(unnamed_function_21).(unnamed_function_22)",,,,,,,,,,,,,,,,,,,,,,,,6,0,6,0,3,0,3,2,,,1,,2,0,0,"0,00","0,00",,"0,00"
Unnamed Function,"(unnamed_function_1).(unnamed_function_20).(unnamed_function_21).(unnamed_function_22)",,,,,,,,,,,,,,,,,,,,,,,,8,0,8,0,3,0,3,2,,,1,,2,0,0,"0,00","0,00",,"0,00"
Unnamed Function,"(unnamed_function_1).(unnamed_function_20).(unnamed_function_21).(unnamed_function_22).service.(unnamed_function_23)",,,,,,,,,,,,,,,,,,,,,,,,1,0,1,0,0,0,0,1,,,0,,1,0,0,"0,00","0,00",,"0,00"
Unnamed Function,"(unnamed_function_1).(unnamed_function_21)",,,,,,,,,,,,,,,,,,,,,,,,52,10,42,0,3,0,3,1,,,0,,10,0,0,"0,00","0,00",,"0,00"
Unnamed Function,"(unnamed_function_1).(unnamed_function_21).(unnamed_function_22)",,,,,,,,,,,,,,,,,,,,,,,,12,2,10,0,3,1,3,1,,,0,,3,0,0,"0,00","0,00",,"0,00"
Unnamed Function,"(unnamed_function_1).(unnamed_function_21).(unnamed_function_22).(unnamed_function_23)",,,,,,,,,,,,,,,,,,,,,,,,6,0,6,0,3,0,3,2,,,1,,2,0,0,"0,00","0,00",,"0,00"
Unnamed Function,"(unnamed_function_1).(unnamed_function_21).(unnamed_function_24)",,,,,,,,,,,,,,,,,,,,,,,,18,3,15,0,5,2,4,1,,,0,,3,0,0,"0,00","0,00",,"0,00"
Unnamed Function,"(unnamed_function_1).(unnamed_function_21).(unnamed_function_24).(unnamed_function_25)",,,,,,,,,,,,,,,,,,,,,,,,6,0,6,0,3,0,3,2,,,1,,2,0,0,"0,00","0,00",,"0,00"
Unnamed Function,"(unnamed_function_1).(unnamed_function_21).(unnamed_function_26)",,,,,,,,,,,,,,,,,,,,,,,,18,3,15,0,5,2,5,1,,,0,,3,0,0,"0,00","0,00",,"0,00"
Unnamed Function,"(unnamed_function_1).(unnamed_function_21).(unnamed_function_26).(unnamed_function_27)",,,,,,,,,,,,,,,,,,,,,,,,6,0,6,0,3,0,3,2,,,1,,2,0,0,"0,00","0,00",,"0,00"
Unnamed Function,"(unnamed_function_1).(unnamed_function_23)",,,,,,,,,,,,,,,,,,,,,,,,27,4,23,0,2,0,2,1,,,0,,6,0,0,"0,00","0,00",,"0,00"
Unnamed Function,"(unnamed_function_1).(unnamed_function_23)",,,,,,,,,,,,,,,,,,,,,,,,41,8,33,0,2,0,2,1,,,0,,7,0,0,"0,00","0,00",,"0,00"
Unnamed Function,"(unnamed_function_1).(unnamed_function_23).(unnamed_function_24)",,,,,,,,,,,,,,,,,,,,,,,,16,2,14,0,4,1,4,1,,,0,,3,0,0,"0,00","0,00",,"0,00"
Unnamed Function,"(unnamed_function_1).(unnamed_function_23).(unnamed_function_24)",,,,,,,,,,,,,,,,,,,,,,,,25,4,21,0,5,2,5,1,,,0,,3,0,0,"0,00","0,00",,"0,00"
Unnamed Function,"(unnamed_function_1).(unnamed_function_23).(unnamed_function_24).(unnamed_function_25)",,,,,,,,,,,,,,,,,,,,,,,,9,0,9,0,3,0,3,2,,,1,,2,0,0,"0,00","0,00",,"0,00"
Unnamed Function,"(unnamed_function_1).(unnamed_function_23).(unnamed_function_24).(unnamed_function_25)",,,,,,,,,,,,,,,,,,,,,,,,5,0,5,0,0,0,0,1,,,0,,2,0,0,"0,00","0,00",,"0,00"
Unnamed Function,"(unnamed_function_1).(unnamed_function_23).(unnamed_function_24).(unnamed_function_25).service.(unnamed_function_26)",,,,,,,,,,,,,,,,,,,,,,,,1,0,1,0,0,0,0,1,,,0,,1,0,0,"0,00","0,00",,"0,00"
Unnamed Function,"(unnamed_function_1).(unnamed_function_23).(unnamed_function_26)",,,,,,,,,,,,,,,,,,,,,,,,8,1,7,0,2,0,2,1,,,0,,2,0,0,"0,00","0,00",,"0,00"
Unnamed Function,"(unnamed_function_1).(unnamed_function_23).(unnamed_function_26).(unnamed_function_27)",,,,,,,,,,,,,,,,,,,,,,,,1,0,1,0,0,0,0,1,,,0,,1,0,0,"0,00","0,00",,"0,00"
Unnamed Function,"(unnamed_function_1).(unnamed_function_23).(unnamed_function_27)",,,,,,,,,,,,,,,,,,,,,,,,13,3,10,0,4,0,4,1,,,0,,3,0,0,"0,00","0,00",,"0,00"
Unnamed Function,"(unnamed_function_1).(unnamed_function_23).(unnamed_function_27).(unnamed_function_28)",,,,,,,,,,,,,,,,,,,,,,,,5,0,5,0,0,0,0,1,,,0,,2,0,0,"0,00","0,00",,"0,00"
Unnamed Function,"(unnamed_function_1).(unnamed_function_23).(unnamed_function_27).(unnamed_function_28).service.(unnamed_function_29)",,,,,,,,,,,,,,,,,,,,,,,,1,0,1,0,0,0,0,1,,,0,,1,0,0,"0,00","0,00",,"0,00"
Unnamed Function,"(unnamed_function_1).(unnamed_function_24)",,,,,,,,,,,,,,,,,,,,,,,,12,2,10,0,2,0,2,1,,,0,,4,0,0,"0,00","0,00",,"0,00"
Unnamed Function,"(unnamed_function_1).(unnamed_function_24).(unnamed_function_25)",,,,,,,,,,,,,,,,,,,,,,,,4,0,4,0,2,1,2,1,,,0,,1,0,0,"0,00","0,00",,"0,00"
Unnamed Function,"(unnamed_function_1).(unnamed_function_24).(unnamed_function_26)",,,,,,,,,,,,,,,,,,,,,,,,5,1,4,0,2,0,2,1,,,0,,2,0,0,"0,00","0,00",,"0,00"
Unnamed Function,"(unnamed_function_1).(unnamed_function_24).(unnamed_function_26).(unnamed_function_27)",,,,,,,,,,,,,,,,,,,,,,,,1,0,1,0,0,0,0,1,,,0,,1,0,0,"0,00","0,00",,"0,00"
Unnamed Function,"(unnamed_function_1).(unnamed_function_25)",,,,,,,,,,,,,,,,,,,,,,,,54,9,45,0,5,2,3,1,,,0,,10,0,0,"0,00","0,00",,"0,00"
Unnamed Function,"(unnamed_function_1).(unnamed_function_25).(unnamed_function_26)",,,,,,,,,,,,,,,,,,,,,,,,23,2,21,0,4,0,4,1,,,0,,3,0,0,"0,00","0,00",,"0,00"
Unnamed Function,"(unnamed_function_1).(unnamed_function_25).(unnamed_function_29)",,,,,,,,,,,,,,,,,,,,,,,,13,2,11,0,4,1,4,1,,,0,,3,0,0,"0,00","0,00",,"0,00"
Unnamed Function,"(unnamed_function_1).(unnamed_function_25).(unnamed_function_29).(unnamed_function_30)",,,,,,,,,,,,,,,,,,,,,,,,6,0,6,0,0,0,0,1,,,0,,2,0,0,"0,00","0,00",,"0,00"
Unnamed Function,"(unnamed_function_1).(unnamed_function_25).(unnamed_function_29).(unnamed_function_30).service.(unnamed_function_31)",,,,,,,,,,,,,,,,,,,,,,,,1,0,1,0,0,0,0,1,,,0,,1,0,0,"0,00","0,00",,"0,00"
Unnamed Function,"(unnamed_function_1).(unnamed_function_25).(unnamed_function_32)",,,,,,,,,,,,,,,,,,,,,,,,11,2,9,0,3,1,3,1,,,0,,3,0,0,"0,00","0,00",,"0,00"
Unnamed Function,"(unnamed_function_1).(unnamed_function_25).(unnamed_function_32).(unnamed_function_33)",,,,,,,,,,,,,,,,,,,,,,,,5,0,5,0,0,0,0,1,,,0,,2,0,0,"0,00","0,00",,"0,00"
Unnamed Function,"(unnamed_function_1).(unnamed_function_25).(unnamed_function_32).(unnamed_function_33).service.(unnamed_function_34)",,,,,,,,,,,,,,,,,,,,,,,,1,0,1,0,0,0,0,1,,,0,,1,0,0,"0,00","0,00",,"0,00"
Unnamed Function,"(unnamed_function_1).(unnamed_function_28)",,,,,,,,,,,,,,,,,,,,,,,,39,4,35,0,2,0,2,1,,,0,,8,0,0,"0,00","0,00",,"0,00"
Unnamed Function,"(unnamed_function_1).(unnamed_function_28).(unnamed_function_29)",,,,,,,,,,,,,,,,,,,,,,,,15,1,14,0,2,0,2,1,,,0,,3,0,0,"0,00","0,00",,"0,00"
Unnamed Function,"(unnamed_function_1).(unnamed_function_28).(unnamed_function_29).(unnamed_function_30)",,,,,,,,,,,,,,,,,,,,,,,,6,0,6,0,3,0,3,2,,,1,,2,0,0,"0,00","0,00",,"0,00"
Unnamed Function,"(unnamed_function_1).(unnamed_function_28).(unnamed_function_31)",,,,,,,,,,,,,,,,,,,,,,,,21,2,19,0,3,1,3,1,,,0,,4,0,0,"0,00","0,00",,"0,00"
Unnamed Function,"(unnamed_function_1).(unnamed_function_28).(unnamed_function_31).(unnamed_function_32)",,,,,,,,,,,,,,,,,,,,,,,,12,0,12,0,5,0,5,3,,,1,,3,0,0,"0,00","0,00",,"0,00"
Unnamed Function,"(unnamed_function_1).(unnamed_function_3)",,,,,,,,,,,,,,,,,,,,,,,,92,23,69,0,9,2,7,1,,,0,,11,0,0,"0,00","0,00",,"0,00"
Unnamed Function,"(unnamed_function_1).(unnamed_function_3)",,,,,,,,,,,,,,,,,,,,,,,,54,10,44,0,4,0,4,1,,,0,,12,0,0,"0,00","0,00",,"0,00"
Unnamed Function,"(unnamed_function_1).(unnamed_function_3)",,,,,,,,,,,,,,,,,,,,,,,,87,19,68,0,8,1,8,1,,,0,,9,0,0,"0,00","0,00",,"0,00"
Unnamed Function,"(unnamed_function_1).(unnamed_function_3).(unnamed_function_10)",,,,,,,,,,,,,,,,,,,,,,,,14,3,11,0,4,1,4,1,,,0,,2,0,0,"0,00","0,00",,"0,00"
Unnamed Function,"(unnamed_function_1).(unnamed_function_3).(unnamed_function_10)",,,,,,,,,,,,,,,,,,,,,,,,16,2,14,0,6,1,5,2,,,1,,2,0,0,"0,00","0,00",,"0,00"
Unnamed Function,"(unnamed_function_1).(unnamed_function_3).(unnamed_function_10).(unnamed_function_11)",,,,,,,,,,,,,,,,,,,,,,,,1,0,1,0,0,0,0,1,,,0,,1,0,0,"0,00","0,00",,"0,00"
Unnamed Function,"(unnamed_function_1).(unnamed_function_3).(unnamed_function_12)",,,,,,,,,,,,,,,,,,,,,,,,15,3,12,0,5,1,5,1,,,0,,2,0,0,"0,00","0,00",,"0,00"
Unnamed Function,"(unnamed_function_1).(unnamed_function_3).(unnamed_function_12)",,,,,,,,,,,,,,,,,,,,,,,,13,2,11,0,2,0,2,1,,,0,,3,0,0,"0,00","0,00",,"0,00"
Unnamed Function,"(unnamed_function_1).(unnamed_function_3).(unnamed_function_12).(unnamed_function_13)",,,,,,,,,,,,,,,,,,,,,,,,1,0,1,0,0,0,0,1,,,0,,1,0,0,"0,00","0,00",,"0,00"
Unnamed Function,"(unnamed_function_1).(unnamed_function_3).(unnamed_function_12).(unnamed_function_13)",,,,,,,,,,,,,,,,,,,,,,,,6,1,5,0,3,2,3,1,,,0,,1,0,0,"0,00","0,00",,"0,00"
Unnamed Function,"(unnamed_function_1).(unnamed_function_3).(unnamed_function_12).(unnamed_function_14)",,,,,,,,,,,,,,,,,,,,,,,,4,0,4,0,2,1,2,1,,,0,,1,0,0,"0,00","0,00",,"0,00"
Unnamed Function,"(unnamed_function_1).(unnamed_function_3).(unnamed_function_4)",,,,,,,,,,,,,,,,,,,,,,,,12,1,11,0,2,0,2,1,,,0,,1,0,0,"0,00","0,00",,"0,00"
Unnamed Function,"(unnamed_function_1).(unnamed_function_3).(unnamed_function_4)",,,,,,,,,,,,,,,,,,,,,,,,6,0,6,0,1,0,1,1,,,0,,2,0,0,"0,00","0,00",,"0,00"
Unnamed Function,"(unnamed_function_1).(unnamed_function_3).(unnamed_function_4)",,,,,,,,,,,,,,,,,,,,,,,,3,0,3,0,1,0,1,1,,,0,,1,0,0,"0,00","0,00",,"0,00"
Unnamed Function,"(unnamed_function_1).(unnamed_function_3).(unnamed_function_4).(unnamed_function_5)",,,,,,,,,,,,,,,,,,,,,,,,4,0,4,0,2,1,2,1,,,0,,1,0,0,"0,00","0,00",,"0,00"
Unnamed Function,"(unnamed_function_1).(unnamed_function_3).(unnamed_function_5)",,,,,,,,,,,,,,,,,,,,,,,,7,2,5,0,3,1,3,1,,,0,,1,0,0,"0,00","0,00",,"0,00"
Unnamed Function,"(unnamed_function_1).(unnamed_function_3).(unnamed_function_5)",,,,,,,,,,,,,,,,,,,,,,,,12,2,10,0,4,0,4,1,,,0,,1,0,0,"0,00","0,00",,"0,00"
Unnamed Function,"(unnamed_function_1).(unnamed_function_3).(unnamed_function_6)",,,,,,,,,,,,,,,,,,,,,,,,10,2,8,0,3,1,3,1,,,0,,1,0,0,"0,00","0,00",,"0,00"
Unnamed Function,"(unnamed_function_1).(unnamed_function_3).(unnamed_function_6)",,,,,,,,,,,,,,,,,,,,,,,,13,1,12,0,2,0,2,1,,,0,,3,0,0,"0,00","0,00",,"0,00"
Unnamed Function,"(unnamed_function_1).(unnamed_function_3).(unnamed_function_6)",,,,,,,,,,,,,,,,,,,,,,,,11,2,9,0,3,0,3,1,,,0,,1,0,0,"0,00","0,00",,"0,00"
Unnamed Function,"(unnamed_function_1).(unnamed_function_3).(unnamed_function_6).(unnamed_function_7)",,,,,,,,,,,,,,,,,,,,,,,,5,0,5,0,3,1,3,1,,,0,,1,0,0,"0,00","0,00",,"0,00"
Unnamed Function,"(unnamed_function_1).(unnamed_function_3).(unnamed_function_6).(unnamed_function_8)",,,,,,,,,,,,,,,,,,,,,,,,5,0,5,0,3,2,3,1,,,0,,1,0,0,"0,00","0,00",,"0,00"
Unnamed Function,"(unnamed_function_1).(unnamed_function_3).(unnamed_function_7)",,,,,,,,,,,,,,,,,,,,,,,,9,2,7,0,3,1,3,1,,,0,,1,0,0,"0,00","0,00",,"0,00"
Unnamed Function,"(unnamed_function_1).(unnamed_function_3).(unnamed_function_7)",,,,,,,,,,,,,,,,,,,,,,,,11,2,9,0,3,0,3,1,,,0,,1,0,0,"0,00","0,00",,"0,00"
Unnamed Function,"(unnamed_function_1).(unnamed_function_3).(unnamed_function_8)",,,,,,,,,,,,,,,,,,,,,,,,14,3,11,0,4,1,4,1,,,0,,2,0,0,"0,00","0,00",,"0,00"
Unnamed Function,"(unnamed_function_1).(unnamed_function_3).(unnamed_function_8)",,,,,,,,,,,,,,,,,,,,,,,,12,2,10,0,3,0,3,1,,,0,,1,0,0,"0,00","0,00",,"0,00"
Unnamed Function,"(unnamed_function_1).(unnamed_function_3).(unnamed_function_8).(unnamed_function_9)",,,,,,,,,,,,,,,,,,,,,,,,1,0,1,0,0,0,0,1,,,0,,1,0,0,"0,00","0,00",,"0,00"
Unnamed Function,"(unnamed_function_1).(unnamed_function_3).(unnamed_function_9)",,,,,,,,,,,,,,,,,,,,,,,,17,4,13,0,2,0,2,1,,,0,,3,0,0,"0,00","0,00",,"0,00"
Unnamed Function,"(unnamed_function_1).(unnamed_function_3).(unnamed_function_9)",,,,,,,,,,,,,,,,,,,,,,,,12,2,10,0,3,0,3,1,,,0,,1,0,0,"0,00","0,00",,"0,00"
Unnamed Function,"(unnamed_function_1).(unnamed_function_3).(unnamed_function_9).(unnamed_function_10)",,,,,,,,,,,,,,,,,,,,,,,,8,2,6,0,4,2,4,1,,,0,,1,0,0,"0,00","0,00",,"0,00"
Unnamed Function,"(unnamed_function_1).(unnamed_function_3).(unnamed_function_9).(unnamed_function_11)",,,,,,,,,,,,,,,,,,,,,,,,6,1,5,0,3,1,3,1,,,0,,1,0,0,"0,00","0,00",,"0,00"
Unnamed Function,"(unnamed_function_1).(unnamed_function_30)",,,,,,,,,,,,,,,,,,,,,,,,23,4,19,0,1,0,1,1,,,0,,4,0,0,"0,00","0,00",,"0,00"
Unnamed Function,"(unnamed_function_1).(unnamed_function_30).(unnamed_function_31)",,,,,,,,,,,,,,,,,,,,,,,,21,4,17,0,6,2,6,1,,,0,,3,0,0,"0,00","0,00",,"0,00"
Unnamed Function,"(unnamed_function_1).(unnamed_function_30).(unnamed_function_31).(unnamed_function_32)",,,,,,,,,,,,,,,,,,,,,,,,5,0,5,0,0,0,0,1,,,0,,2,0,0,"0,00","0,00",,"0,00"
Unnamed Function,"(unnamed_function_1).(unnamed_function_30).(unnamed_function_31).(unnamed_function_32).service.(unnamed_function_33)",,,,,,,,,,,,,,,,,,,,,,,,1,0,1,0,0,0,0,1,,,0,,1,0,0,"0,00","0,00",,"0,00"
Unnamed Function,"(unnamed_function_1).(unnamed_function_33)",,,,,,,,,,,,,,,,,,,,,,,,20,2,18,0,1,0,1,1,,,0,,5,0,0,"0,00","0,00",,"0,00"
Unnamed Function,"(unnamed_function_1).(unnamed_function_33).(unnamed_function_34)",,,,,,,,,,,,,,,,,,,,,,,,18,2,16,0,3,1,3,1,,,0,,4,0,0,"0,00","0,00",,"0,00"
Unnamed Function,"(unnamed_function_1).(unnamed_function_33).(unnamed_function_34).(unnamed_function_35)",,,,,,,,,,,,,,,,,,,,,,,,12,0,12,0,5,0,5,3,,,1,,3,0,0,"0,00","0,00",,"0,00"
Unnamed Function,"(unnamed_function_1).(unnamed_function_34)",,,,,,,,,,,,,,,,,,,,,,,,24,4,20,0,1,0,1,1,,,0,,4,0,0,"0,00","0,00",,"0,00"
Unnamed Function,"(unnamed_function_1).(unnamed_function_34).(unnamed_function_35)",,,,,,,,,,,,,,,,,,,,,,,,22,4,18,0,6,2,6,1,,,0,,3,0,0,"0,00","0,00",,"0,00"
Unnamed Function,"(unnamed_function_1).(unnamed_function_34).(unnamed_function_35).(unnamed_function_36)",,,,,,,,,,,,,,,,,,,,,,,,5,0,5,0,0,0,0,1,,,0,,2,0,0,"0,00","0,00",,"0,00"
Unnamed Function,"(unnamed_function_1).(unnamed_function_34).(unnamed_function_35).(unnamed_function_36).service.(unnamed_function_37)",,,,,,,,,,,,,,,,,,,,,,,,1,0,1,0,0,0,0,1,,,0,,1,0,0,"0,00","0,00",,"0,00"
Unnamed Function,"(unnamed_function_1).(unnamed_function_36)",,,,,,,,,,,,,,,,,,,,,,,,29,5,24,0,2,0,2,1,,,0,,7,0,0,"0,00","0,00",,"0,00"
Unnamed Function,"(unnamed_function_1).(unnamed_function_36).(unnamed_function_37)",,,,,,,,,,,,,,,,,,,,,,,,12,2,10,0,3,1,3,1,,,0,,3,0,0,"0,00","0,00",,"0,00"
Unnamed Function,"(unnamed_function_1).(unnamed_function_36).(unnamed_function_37).(unnamed_function_38)",,,,,,,,,,,,,,,,,,,,,,,,6,0,6,0,3,0,3,2,,,1,,2,0,0,"0,00","0,00",,"0,00"
Unnamed Function,"(unnamed_function_1).(unnamed_function_36).(unnamed_function_39)",,,,,,,,,,,,,,,,,,,,,,,,14,2,12,0,5,1,5,1,,,0,,3,0,0,"0,00","0,00",,"0,00"
Unnamed Function,"(unnamed_function_1).(unnamed_function_36).(unnamed_function_39).(unnamed_function_40)",,,,,,,,,,,,,,,,,,,,,,,,6,0,6,0,3,0,3,2,,,1,,2,0,0,"0,00","0,00",,"0,00"
Unnamed Function,"(unnamed_function_1).(unnamed_function_4)",,,,,,,,,,,,,,,,,,,,,,,,9,0,9,0,1,0,1,1,,,0,,2,0,0,"0,00","0,00",,"0,00"
Unnamed Function,"(unnamed_function_1).(unnamed_function_4)",,,,,,,,,,,,,,,,,,,,,,,,14,1,13,0,2,0,2,1,,,0,,3,0,0,"0,00","0,00",,"0,00"
Unnamed Function,"(unnamed_function_1).(unnamed_function_4).(unnamed_function_5)",,,,,,,,,,,,,,,,,,,,,,,,7,0,7,0,5,0,5,1,,,0,,1,0,0,"0,00","0,00",,"0,00"
Unnamed Function,"(unnamed_function_1).(unnamed_function_4).(unnamed_function_5)",,,,,,,,,,,,,,,,,,,,,,,,6,0,6,0,4,1,4,1,,,0,,1,0,0,"0,00","0,00",,"0,00"
Unnamed Function,"(unnamed_function_1).(unnamed_function_4).(unnamed_function_6)",,,,,,,,,,,,,,,,,,,,,,,,5,0,5,0,3,2,3,1,,,0,,1,0,0,"0,00","0,00",,"0,00"
Unnamed Function,"(unnamed_function_1).(unnamed_function_6)",,,,,,,,,,,,,,,,,,,,,,,,36,5,31,0,2,0,2,1,,,0,,3,0,0,"0,00","0,00",,"0,00"
Unnamed Function,"(unnamed_function_1).(unnamed_function_6).(unnamed_function_7)",,,,,,,,,,,,,,,,,,,,,,,,21,3,18,0,4,2,3,1,,,0,,1,0,0,"0,00","0,00",,"0,00"
Unnamed Function,"(unnamed_function_1).(unnamed_function_6).(unnamed_function_8)",,,,,,,,,,,,,,,,,,,,,,,,12,1,11,0,3,1,3,1,,,0,,1,0,0,"0,00","0,00",,"0,00"
Unnamed Function,"(unnamed_function_1).(unnamed_function_7)",,,,,,,,,,,,,,,,,,,,,,,,26,5,21,0,3,0,3,1,,,0,,4,0,0,"0,00","0,00",,"0,00"
Unnamed Function,"(unnamed_function_1).(unnamed_function_7)",,,,,,,,,,,,,,,,,,,,,,,,22,5,17,0,2,0,2,1,,,0,,5,0,0,"0,00","0,00",,"0,00"
Unnamed Function,"(unnamed_function_1).(unnamed_function_7).(unnamed_function_10)",,,,,,,,,,,,,,,,,,,,,,,,8,1,7,0,5,4,3,1,,,0,,1,0,0,"0,00","0,00",,"0,00"
Unnamed Function,"(unnamed_function_1).(unnamed_function_7).(unnamed_function_10)",,,,,,,,,,,,,,,,,,,,,,,,9,2,7,0,3,0,3,1,,,0,,2,0,0,"0,00","0,00",,"0,00"
Unnamed Function,"(unnamed_function_1).(unnamed_function_7).(unnamed_function_10).(unnamed_function_11)",,,,,,,,,,,,,,,,,,,,,,,,1,0,1,0,0,0,0,1,,,0,,1,0,0,"0,00","0,00",,"0,00"
Unnamed Function,"(unnamed_function_1).(unnamed_function_7).(unnamed_function_8)",,,,,,,,,,,,,,,,,,,,,,,,7,1,6,0,4,2,3,1,,,0,,1,0,0,"0,00","0,00",,"0,00"
Unnamed Function,"(unnamed_function_1).(unnamed_function_7).(unnamed_function_8)",,,,,,,,,,,,,,,,,,,,,,,,10,2,8,0,4,2,3,1,,,0,,2,0,0,"0,00","0,00",,"0,00"
Unnamed Function,"(unnamed_function_1).(unnamed_function_7).(unnamed_function_8).(unnamed_function_9)",,,,,,,,,,,,,,,,,,,,,,,,1,0,1,0,0,0,0,1,,,0,,1,0,0,"0,00","0,00",,"0,00"
Unnamed Function,"(unnamed_function_1).(unnamed_function_7).(unnamed_function_9)",,,,,,,,,,,,,,,,,,,,,,,,7,1,6,0,4,3,3,1,,,0,,1,0,0,"0,00","0,00",,"0,00"
Unnamed Function,"(unnamed_function_1).(unnamed_function_8)",,,,,,,,,,,,,,,,,,,,,,,,9,0,9,0,1,0,1,1,,,0,,2,0,0,"0,00","0,00",,"0,00"
Unnamed Function,"(unnamed_function_1).(unnamed_function_8)",,,,,,,,,,,,,,,,,,,,,,,,99,14,85,0,6,0,6,1,,,0,,19,0,0,"0,00","0,00",,"0,00"
Unnamed Function,"(unnamed_function_1).(unnamed_function_8).(unnamed_function_11)",,,,,,,,,,,,,,,,,,,,,,,,12,1,11,0,2,0,2,1,,,0,,3,0,0,"0,00","0,00",,"0,00"
Unnamed Function,"(unnamed_function_1).(unnamed_function_8).(unnamed_function_11).(unnamed_function_12)",,,,,,,,,,,,,,,,,,,,,,,,6,0,6,0,3,0,3,2,,,1,,2,0,0,"0,00","0,00",,"0,00"
Unnamed Function,"(unnamed_function_1).(unnamed_function_8).(unnamed_function_13)",,,,,,,,,,,,,,,,,,,,,,,,12,1,11,0,2,0,2,1,,,0,,3,0,0,"0,00","0,00",,"0,00"
Unnamed Function,"(unnamed_function_1).(unnamed_function_8).(unnamed_function_13).(unnamed_function_14)",,,,,,,,,,,,,,,,,,,,,,,,6,0,6,0,3,0,3,2,,,1,,2,0,0,"0,00","0,00",,"0,00"
Unnamed Function,"(unnamed_function_1).(unnamed_function_8).(unnamed_function_15)",,,,,,,,,,,,,,,,,,,,,,,,17,2,15,0,3,1,2,1,,,0,,3,0,0,"0,00","0,00",,"0,00"
Unnamed Function,"(unnamed_function_1).(unnamed_function_8).(unnamed_function_15).(unnamed_function_16)",,,,,,,,,,,,,,,,,,,,,,,,6,0,6,0,3,0,3,2,,,1,,2,0,0,"0,00","0,00",,"0,00"
Unnamed Function,"(unnamed_function_1).(unnamed_function_8).(unnamed_function_17)",,,,,,,,,,,,,,,,,,,,,,,,21,2,19,0,3,1,2,1,,,0,,3,0,0,"0,00","0,00",,"0,00"
Unnamed Function,"(unnamed_function_1).(unnamed_function_8).(unnamed_function_17).(unnamed_function_18)",,,,,,,,,,,,,,,,,,,,,,,,6,0,6,0,3,0,3,2,,,1,,2,0,0,"0,00","0,00",,"0,00"
Unnamed Function,"(unnamed_function_1).(unnamed_function_8).(unnamed_function_19)",,,,,,,,,,,,,,,,,,,,,,,,18,2,16,0,6,1,6,1,,,0,,3,0,0,"0,00","0,00",,"0,00"
Unnamed Function,"(unnamed_function_1).(unnamed_function_8).(unnamed_function_19).(unnamed_function_20)",,,,,,,,,,,,,,,,,,,,,,,,9,0,9,0,3,0,3,2,,,1,,2,0,0,"0,00","0,00",,"0,00"
Unnamed Function,"(unnamed_function_1).(unnamed_function_8).(unnamed_function_9)",,,,,,,,,,,,,,,,,,,,,,,,7,0,7,0,5,0,5,1,,,0,,1,0,0,"0,00","0,00",,"0,00"
Unnamed Function,"(unnamed_function_1).(unnamed_function_8).(unnamed_function_9)",,,,,,,,,,,,,,,,,,,,,,,,12,1,11,0,2,0,2,1,,,0,,3,0,0,"0,00","0,00",,"0,00"
Unnamed Function,"(unnamed_function_1).(unnamed_function_8).(unnamed_function_9).(unnamed_function_10)",,,,,,,,,,,,,,,,,,,,,,,,6,0,6,0,3,0,3,2,,,1,,2,0,0,"0,00","0,00",,"0,00"
Unnamed Function,"(unnamed_function_1).(unnamed_function_9)",,,,,,,,,,,,,,,,,,,,,,,,27,5,22,0,2,0,2,1,,,0,,3,0,0,"0,00","0,00",,"0,00"
Unnamed Function,"(unnamed_function_1).(unnamed_function_9).(unnamed_function_10)",,,,,,,,,,,,,,,,,,,,,,,,14,2,12,0,5,2,4,1,,,0,,1,0,0,"0,00","0,00",,"0,00"
Unnamed Function,"(unnamed_function_1).(unnamed_function_9).(unnamed_function_11)",,,,,,,,,,,,,,,,,,,,,,,,10,2,8,0,4,2,3,1,,,0,,1,0,0,"0,00","0,00",,"0,00"
Unnamed Function,"(unnamed_function_16)",,,,,,,,,,,,,,,,,,,,,,,,3,0,3,0,0,0,0,1,,,0,,2,0,0,"0,00","0,00",,"0,00"
Unnamed Function,"(unnamed_function_16).readFileSync.(unnamed_function_17)",,,,,,,,,,,,,,,,,,,,,,,,1,0,1,0,0,0,0,1,,,0,,1,0,0,"0,00","0,00",,"0,00"
Unnamed Function,"(unnamed_function_18)",,,,,,,,,,,,,,,,,,,,,,,,3,0,3,0,0,0,0,1,,,0,,2,0,0,"0,00","0,00",,"0,00"
Unnamed Function,"(unnamed_function_18).v4.(unnamed_function_19)",,,,,,,,,,,,,,,,,,,,,,,,1,0,1,0,0,0,0,1,,,0,,1,0,0,"0,00","0,00",,"0,00"
Unnamed Function,"(unnamed_function_38)",,,,,,,,,,,,,,,,,,,,,,,,87,15,72,0,7,3,4,1,,,0,,17,0,0,"0,00","0,00",,"0,00"
Unnamed Function,"(unnamed_function_38).(unnamed_function_39)",,,,,,,,,,,,,,,,,,,,,,,,33,3,30,0,5,0,5,1,,,0,,5,0,0,"0,00","0,00",,"0,00"
Unnamed Function,"(unnamed_function_38).(unnamed_function_44)",,,,,,,,,,,,,,,,,,,,,,,,12,2,10,0,1,0,1,1,,,0,,3,0,0,"0,00","0,00",,"0,00"
Unnamed Function,"(unnamed_function_38).(unnamed_function_44).(unnamed_function_45)",,,,,,,,,,,,,,,,,,,,,,,,10,2,8,0,4,2,3,1,,,0,,2,0,0,"0,00","0,00",,"0,00"
Unnamed Function,"(unnamed_function_38).(unnamed_function_44).(unnamed_function_45).(unnamed_function_46)",,,,,,,,,,,,,,,,,,,,,,,,1,0,1,0,0,0,0,1,,,0,,1,0,0,"0,00","0,00",,"0,00"
Unnamed Function,"(unnamed_function_38).(unnamed_function_47)",,,,,,,,,,,,,,,,,,,,,,,,21,4,17,0,1,0,1,1,,,0,,5,0,0,"0,00","0,00",,"0,00"
Unnamed Function,"(unnamed_function_38).(unnamed_function_47).(unnamed_function_48)",,,,,,,,,,,,,,,,,,,,,,,,19,4,15,0,5,1,5,1,,,0,,4,0,0,"0,00","0,00",,"0,00"
Unnamed Function,"(unnamed_function_38).(unnamed_function_47).(unnamed_function_48).(unnamed_function_49)",,,,,,,,,,,,,,,,,,,,,,,,1,0,1,0,0,0,0,1,,,0,,1,0,0,"0,00","0,00",,"0,00"
Unnamed Function,"(unnamed_function_38).(unnamed_function_47).(unnamed_function_48).(unnamed_function_50)",,,,,,,,,,,,,,,,,,,,,,,,5,0,5,0,0,0,0,1,,,0,,2,0,0,"0,00","0,00",,"0,00"
Unnamed Function,"(unnamed_function_38).(unnamed_function_47).(unnamed_function_48).(unnamed_function_50).service.(unnamed_function_51)",,,,,,,,,,,,,,,,,,,,,,,,1,0,1,0,0,0,0,1,,,0,,1,0,0,"0,00","0,00",,"0,00"
Unnamed Function,"(unnamed_function_38).(unnamed_function_52)",,,,,,,,,,,,,,,,,,,,,,,,12,2,10,0,1,0,1,1,,,0,,3,0,0,"0,00","0,00",,"0,00"
Unnamed Function,"(unnamed_function_38).(unnamed_function_52).(unnamed_function_53)",,,,,,,,,,,,,,,,,,,,,,,,10,2,8,0,4,1,4,1,,,0,,2,0,0,"0,00","0,00",,"0,00"
Unnamed Function,"(unnamed_function_38).(unnamed_function_52).(unnamed_function_53).(unnamed_function_54)",,,,,,,,,,,,,,,,,,,,,,,,1,0,1,0,0,0,0,1,,,0,,1,0,0,"0,00","0,00",,"0,00"
Unnamed Function,"(unnamed_function_4)",,,,,,,,,,,,,,,,,,,,,,,,37,0,37,0,0,0,0,1,,,0,,12,0,0,"0,00","0,00",,"0,00"
Unnamed Function,"(unnamed_function_4).md.sha256.create.(unnamed_function_12)",,,,,,,,,,,,,,,,,,,,,,,,1,0,1,0,0,0,0,1,,,0,,2,0,0,"0,00","0,00",,"0,00"
Unnamed Function,"(unnamed_function_4).md.sha256.create.(unnamed_function_12).digest.(unnamed_function_13)",,,,,,,,,,,,,,,,,,,,,,,,1,0,1,0,0,0,0,1,,,0,,1,0,0,"0,00","0,00",,"0,00"
Unnamed Function,"(unnamed_function_4).pki.certificateFromPem.(unnamed_function_5)",,,,,,,,,,,,,,,,,,,,,,,,4,0,4,0,0,0,0,1,,,0,,2,0,0,"0,00","0,00",,"0,00"
Unnamed Function,"(unnamed_function_4).pki.certificateFromPem.(unnamed_function_5).verify.(unnamed_function_6)",,,,,,,,,,,,,,,,,,,,,,,,1,0,1,0,0,0,0,1,,,0,,1,0,0,"0,00","0,00",,"0,00"
Unnamed Function,"(unnamed_function_4).pki.certificateRequestFromPem.(unnamed_function_7)",,,,,,,,,,,,,,,,,,,,,,,,1,0,1,0,0,0,0,1,,,0,,1,0,0,"0,00","0,00",,"0,00"
Unnamed Function,"(unnamed_function_4).pki.certificateToPem.(unnamed_function_11)",,,,,,,,,,,,,,,,,,,,,,,,1,0,1,0,0,0,0,1,,,0,,1,0,0,"0,00","0,00",,"0,00"
Unnamed Function,"(unnamed_function_4).pki.createCertificate.(unnamed_function_10)",,,,,,,,,,,,,,,,,,,,,,,,1,0,1,0,0,0,0,1,,,0,,1,0,0,"0,00","0,00",,"0,00"
Unnamed Function,"(unnamed_function_4).pki.privateKeyFromPem.(unnamed_function_8)",,,,,,,,,,,,,,,,,,,,,,,,1,0,1,0,0,0,0,1,,,0,,1,0,0,"0,00","0,00",,"0,00"
Unnamed Function,"(unnamed_function_4).pki.publicKeyToPem.(unnamed_function_9)",,,,,,,,,,,,,,,,,,,,,,,,1,0,1,0,0,0,0,1,,,0,,1,0,0,"0,00","0,00",,"0,00"
Unnamed Function,"(unnamed_function_4).random.getBytesSync.(unnamed_function_14)",,,,,,,,,,,,,,,,,,,,,,,,1,0,1,0,0,0,0,1,,,0,,1,0,0,"0,00","0,00",,"0,00"
Unnamed Function,"(unnamed_function_4).util.bytesToHex.(unnamed_function_15)",,,,,,,,,,,,,,,,,,,,,,,,1,0,1,0,0,0,0,1,,,0,,1,0,0,"0,00","0,00",,"0,00"
Public Method,"(unnamed_object).bootstrap",,,,,,,,,,,,,,,,,,,,,,,,1,0,1,0,0,0,0,1,,,0,,1,0,0,"0,00","0,00",,"0,00"
Public Method,"(unnamed_object).register",,,,,,,,,,,,,,,,,,,,,,,,8,0,8,0,1,0,1,1,,,0,,1,0,0,"0,00","0,00",,"0,00"
Function,"PluginIcon",,,,,,,,,,,,,,,,,,,,,,,,1,0,1,0,0,0,0,1,,,0,,1,0,0,"0,00","0,00",,"0,00"
File,"PluginIcon.js",1,0,1,0,1,,,0,,,1,,1,,,,,,,,,,,9,2,7,0,3,3,0,0,1,,0,"0,00",1,0,0,"0,00","0,00",,"0,00"
Ambiguous Method,"activate",,,,,,,,,,,,,,,,,,,,,,,,,,,,,,,,,,,,,0,0,"0,00","0,00",,"0,00"
File,"activation.js",16,1,15,0,2,,,0,,,5,,4,,,,,,,,,,,70,9,61,0,30,11,23,1,3,,2,"0,00",11,0,0,"0,00","0,00",,"0,00"
Ambiguous Method,"bootstrap",,,,,,,,,,,,,,,,,,,,,,,,,,,,,,,,,,,,,0,0,"0,00","0,00",,"0,00"
File,"bootstrap.js",3,0,3,0,1,,,0,,,2,,1,,,,,,,,,,,5,1,4,0,3,0,3,1,1,,0,"0,00",2,0,0,"0,00","0,00",,"0,00"
Ambiguous Method,"checkRevocation",,,,,,,,,,,,,,,,,,,,,,,,,,,,,,,,,,,,,0,0,"0,00","0,00",,"0,00"
Ambiguous Method,"computeFingerprint",,,,,,,,,,,,,,,,,,,,,,,,,,,,,,,,,,,,,0,0,"0,00","0,00",,"0,00"
File,"constants.js",0,0,0,0,1,,,0,,,1,,0,,,,,,,,,,,41,5,36,0,2,0,2,1,1,,0,"0,00",1,0,0,"0,00","0,00",,"0,00"
File,"controllers.test.js",154,29,125,0,1,,,0,,,55,,54,,,,,,,,,,,308,58,250,0,105,22,97,1,2,,1,"0,00",56,0,0,"0,00","0,00",,"0,00"
Ambiguous Method,"createLicenseFromPayment",,,,,,,,,,,,,,,,,,,,,,,,,,,,,,,,,,,,,0,0,"0,00","0,00",,"0,00"
File,"crypto-enhanced.test.js",148,23,125,0,1,,,0,,,19,,18,,,,,,,,,,,148,23,125,0,56,12,51,1,2,,1,"0,00",20,0,0,"0,00","0,00",,"0,00"
File,"crypto.js",19,3,16,0,2,,,0,,,18,,17,,,,,,,,,,,290,56,234,0,126,63,100,1,4,,2,"0,00",35,0,0,"0,00","0,00",,"0,00"
File,"crypto.test.js",136,21,115,0,1,,,0,,,28,,27,,,,,,,,,,,151,22,115,14,63,20,56,1,1,,0,"0,12",28,0,0,"0,00","0,00",,"0,00"
Ambiguous Method,"deactivate",,,,,,,,,,,,,,,,,,,,,,,,,,,,,,,,,,,,,0,0,"0,00","0,00",,"0,00"
Ambiguous Method,"delete",,,,,,,,,,,,,,,,,,,,,,,,,,,,,,,,,,,,,0,0,"0,00","0,00",,"0,00"
File,"destroy.js",3,0,3,0,1,,,0,,,2,,1,,,,,,,,,,,5,1,4,0,3,0,3,1,1,,0,"0,00",2,0,0,"0,00","0,00",,"0,00"
Ambiguous Method,"extractMachineIdFromCert",,,,,,,,,,,,,,,,,,,,,,,,,,,,,,,,,,,,,0,0,"0,00","0,00",,"0,00"
Ambiguous Method,"find",,,,,,,,,,,,,,,,,,,,,,,,,,,,,,,,,,,,,0,0,"0,00","0,00",,"0,00"
Ambiguous Method,"findBySlug",,,,,,,,,,,,,,,,,,,,,,,,,,,,,,,,,,,,,0,0,"0,00","0,00",,"0,00"
Ambiguous Method,"findOne",,,,,,,,,,,,,,,,,,,,,,,,,,,,,,,,,,,,,0,0,"0,00","0,00",,"0,00"
Function,"formatDate",,,,,,,,,,,,,,,,,,,,,,,,3,0,3,0,1,0,1,2,,,0,,2,0,0,"0,00","0,00",,"0,00"
Function,"generateNonce",,,,,,,,,,,,,,,,,,,,,,,,3,0,3,0,1,0,1,1,,,0,,1,0,0,"0,00","0,00",,"0,00"
Function,"getCSRAttribute",,,,,,,,,,,,,,,,,,,,,,,,4,0,4,0,2,1,2,2,,,0,,3,0,0,"0,00","0,00",,"0,00"
Unnamed Function,"getCSRAttribute.attr.(unnamed_function_1)",,,,,,,,,,,,,,,,,,,,,,,,1,0,1,0,0,0,0,1,,,0,,1,0,0,"0,00","0,00",,"0,00"
Ambiguous Method,"getDownloadUrl",,,,,,,,,,,,,,,,,,,,,,,,,,,,,,,,,,,,,0,0,"0,00","0,00",,"0,00"
Ambiguous Method,"getItems",,,,,,,,,,,,,,,,,,,,,,,,,,,,,,,,,,,,,0,0,"0,00","0,00",,"0,00"
Ambiguous Method,"getLatestVersion",,,,,,,,,,,,,,,,,,,,,,,,,,,,,,,,,,,,,0,0,"0,00","0,00",,"0,00"
Ambiguous Method,"getLicenseStatus",,,,,,,,,,,,,,,,,,,,,,,,,,,,,,,,,,,,,0,0,"0,00","0,00",,"0,00"
Ambiguous Method,"getVersions",,,,,,,,,,,,,,,,,,,,,,,,,,,,,,,,,,,,,0,0,"0,00","0,00",,"0,00"
Unnamed Function,"global.strapi.db.query.(unnamed_function_4)",,,,,,,,,,,,,,,,,,,,,,,,1,0,1,0,0,0,0,1,,,0,,1,0,0,"0,00","0,00",,"0,00"
Unnamed Function,"global.strapi.db.query.(unnamed_function_41)",,,,,,,,,,,,,,,,,,,,,,,,1,0,1,0,0,0,0,1,,,0,,1,0,0,"0,00","0,00",,"0,00"
Unnamed Function,"global.strapi.plugin.(unnamed_function_16)",,,,,,,,,,,,,,,,,,,,,,,,6,0,6,0,0,0,0,1,,,0,,2,0,0,"0,00","0,00",,"0,00"
Unnamed Function,"global.strapi.plugin.(unnamed_function_16).service.(unnamed_function_17)",,,,,,,,,,,,,,,,,,,,,,,,1,0,1,0,0,0,0,1,,,0,,1,0,0,"0,00","0,00",,"0,00"
Unnamed Function,"global.strapi.plugin.(unnamed_function_27)",,,,,,,,,,,,,,,,,,,,,,,,7,0,7,0,0,0,0,1,,,0,,2,0,0,"0,00","0,00",,"0,00"
Unnamed Function,"global.strapi.plugin.(unnamed_function_27).service.(unnamed_function_28)",,,,,,,,,,,,,,,,,,,,,,,,1,0,1,0,0,0,0,1,,,0,,1,0,0,"0,00","0,00",,"0,00"
Unnamed Function,"global.strapi.plugin.(unnamed_function_42)",,,,,,,,,,,,,,,,,,,,,,,,5,0,5,0,0,0,0,1,,,0,,2,0,0,"0,00","0,00",,"0,00"
Unnamed Function,"global.strapi.plugin.(unnamed_function_42).service.(unnamed_function_43)",,,,,,,,,,,,,,,,,,,,,,,,1,0,1,0,0,0,0,1,,,0,,1,0,0,"0,00","0,00",,"0,00"
Unnamed Function,"global.strapi.plugin.(unnamed_function_5)",,,,,,,,,,,,,,,,,,,,,,,,7,0,7,0,0,0,0,1,,,0,,2,0,0,"0,00","0,00",,"0,00"
Unnamed Function,"global.strapi.plugin.(unnamed_function_5).service.(unnamed_function_6)",,,,,,,,,,,,,,,,,,,,,,,,1,0,1,0,0,0,0,1,,,0,,1,0,0,"0,00","0,00",,"0,00"
Ambiguous Method,"handlePayment",,,,,,,,,,,,,,,,,,,,,,,,,,,,,,,,,,,,,0,0,"0,00","0,00",,"0,00"
Function,"hashFingerprint",,,,,,,,,,,,,,,,,,,,,,,,6,0,6,0,1,0,1,1,,,0,,1,0,0,"0,00","0,00",,"0,00"
Ambiguous Method,"heartbeat",,,,,,,,,,,,,,,,,,,,,,,,,,,,,,,,,,,,,0,0,"0,00","0,00",,"0,00"
File,"helpers.js",6,0,6,0,1,,,0,,,7,,6,,,,,,,,,,,46,7,39,0,19,10,14,1,2,,1,"0,00",10,0,0,"0,00","0,00",,"0,00"
File,"index.js",0,0,0,0,1,,,0,,,1,,0,,,,,,,,,,,124,2,119,3,1,0,1,1,1,,0,"0,03",1,0,0,"0,00","0,00",,"0,00"
File,"index.js",13,0,13,0,1,,,0,,,2,,1,,,,,,,,,,,40,3,23,14,12,9,12,1,1,,0,"0,61",2,0,0,"0,00","0,00",,"0,00"
File,"index.js",0,0,0,0,1,,,0,,,1,,0,,,,,,,,,,,111,3,104,4,1,0,1,1,1,,0,"0,04",1,0,0,"0,00","0,00",,"0,00"
File,"index.js",1,0,1,0,1,,,0,,,2,,1,,,,,,,,,,,15,0,15,0,1,0,1,1,1,,0,"0,00",2,0,0,"0,00","0,00",,"0,00"
File,"index.js",0,0,0,0,1,,,0,,,1,,0,,,,,,,,,,,26,2,24,0,5,3,5,1,1,,0,"0,00",1,0,0,"0,00","0,00",,"0,00"
File,"index.js",5,0,5,0,1,,,0,,,2,,2,,,,,,,,,,,15,2,13,0,6,5,1,0,1,,0,"0,00",2,0,0,"0,00","0,00",,"0,00"
File,"index.js",0,0,0,0,1,,,0,,,1,,0,,,,,,,,,,,11,2,9,0,5,3,5,1,1,,0,"0,00",1,0,0,"0,00","0,00",,"0,00"
File,"index.js",0,0,0,0,1,,,0,,,1,,0,,,,,,,,,,,1,0,1,0,1,0,1,1,1,,0,"0,00",1,0,0,"0,00","0,00",,"0,00"
File,"index.js",0,0,0,0,1,,,0,,,1,,0,,,,,,,,,,,15,2,13,0,7,5,7,1,1,,0,"0,00",1,0,0,"0,00","0,00",,"0,00"
File,"jest.config.js",0,0,0,0,1,,,0,,,1,,0,,,,,,,,,,,27,1,12,14,1,0,1,1,1,,0,"1,17",1,0,0,"0,00","0,00",,"0,00"
File,"license-trust-levels.test.js",221,31,190,0,1,,,0,,,28,,27,,,,,,,,,,,221,31,190,0,81,16,78,1,2,,1,"0,00",33,0,0,"0,00","0,00",,"0,00"
File,"license.js",49,9,40,0,3,,,0,,,14,,13,,,,,,,,,,,362,71,291,0,132,63,98,1,10,,2,"0,00",46,0,0,"0,00","0,00",,"0,00"
File,"license.js",17,1,16,0,2,,,0,,,9,,8,,,,,,,,,,,165,20,131,14,65,30,49,1,3,,2,"0,11",20,0,0,"0,00","0,00",,"0,00"
File,"license.test.js",285,43,242,0,1,,,0,,,41,,40,,,,,,,,,,,300,44,242,14,125,15,119,1,3,,1,"0,06",58,0,0,"0,00","0,00",,"0,00"
Ambiguous Method,"loadCACert",,,,,,,,,,,,,,,,,,,,,,,,,,,,,,,,,,,,,0,0,"0,00","0,00",,"0,00"
Ambiguous Method,"loadCACertificate",,,,,,,,,,,,,,,,,,,,,,,,,,,,,,,,,,,,,0,0,"0,00","0,00",,"0,00"
Ambiguous Method,"loadCAKey",,,,,,,,,,,,,,,,,,,,,,,,,,,,,,,,,,,,,0,0,"0,00","0,00",,"0,00"
Ambiguous Method,"markAsPaid",,,,,,,,,,,,,,,,,,,,,,,,,,,,,,,,,,,,,0,0,"0,00","0,00",,"0,00"
Unnamed Function,"mockCtx.notFound.(unnamed_function_3)",,,,,,,,,,,,,,,,,,,,,,,,1,0,1,0,0,0,0,1,,,0,,1,0,0,"0,00","0,00",,"0,00"
Unnamed Function,"mockCtx.notFound.(unnamed_function_40)",,,,,,,,,,,,,,,,,,,,,,,,1,0,1,0,0,0,0,1,,,0,,1,0,0,"0,00","0,00",,"0,00"
Unnamed Function,"mockStrapi.config.get.(unnamed_function_1)",,,,,,,,,,,,,,,,,,,,,,,,1,0,1,0,0,0,0,1,,,0,,1,0,0,"0,00","0,00",,"0,00"
Unnamed Function,"mockStrapi.config.get.(unnamed_function_3)",,,,,,,,,,,,,,,,,,,,,,,,11,0,11,0,3,0,3,2,,,1,,2,0,0,"0,00","0,00",,"0,00"
Unnamed Function,"mockStrapi.config.get.(unnamed_function_3)",,,,,,,,,,,,,,,,,,,,,,,,11,0,11,0,2,1,1,1,,,0,,1,0,0,"0,00","0,00",,"0,00"
Unnamed Function,"mockStrapi.config.get.(unnamed_function_3)",,,,,,,,,,,,,,,,,,,,,,,,10,0,10,0,3,0,3,2,,,1,,2,0,0,"0,00","0,00",,"0,00"
Unnamed Function,"mockStrapi.config.get.(unnamed_function_3)",,,,,,,,,,,,,,,,,,,,,,,,9,0,9,0,3,0,3,2,,,1,,2,0,0,"0,00","0,00",,"0,00"
Unnamed Function,"mockStrapi.plugin.(unnamed_function_2)",,,,,,,,,,,,,,,,,,,,,,,,6,0,6,0,0,0,0,1,,,0,,2,0,0,"0,00","0,00",,"0,00"
Unnamed Function,"mockStrapi.plugin.(unnamed_function_2).service.(unnamed_function_3)",,,,,,,,,,,,,,,,,,,,,,,,1,0,1,0,0,0,0,1,,,0,,1,0,0,"0,00","0,00",,"0,00"
Unnamed Function,"mockStrapi.plugin.(unnamed_function_4)",,,,,,,,,,,,,,,,,,,,,,,,10,0,10,0,0,0,0,1,,,0,,4,0,0,"0,00","0,00",,"0,00"
Unnamed Function,"mockStrapi.plugin.(unnamed_function_4)",,,,,,,,,,,,,,,,,,,,,,,,6,0,6,0,0,0,0,1,,,0,,4,0,0,"0,00","0,00",,"0,00"
Unnamed Function,"mockStrapi.plugin.(unnamed_function_4).service.(unnamed_function_5)",,,,,,,,,,,,,,,,,,,,,,,,8,0,8,0,0,0,0,1,,,0,,3,0,0,"0,00","0,00",,"0,00"
Unnamed Function,"mockStrapi.plugin.(unnamed_function_4).service.(unnamed_function_5)",,,,,,,,,,,,,,,,,,,,,,,,4,0,4,0,0,0,0,1,,,0,,3,0,0,"0,00","0,00",,"0,00"
Unnamed Function,"mockStrapi.plugin.(unnamed_function_4).service.(unnamed_function_5).generateSerialNumber.(unnamed_function_6)",,,,,,,,,,,,,,,,,,,,,,,,1,0,1,0,0,0,0,1,,,0,,1,0,0,"0,00","0,00",,"0,00"
Unnamed Function,"mockStrapi.plugin.(unnamed_function_4).service.(unnamed_function_5).generateSerialNumber.(unnamed_function_6)",,,,,,,,,,,,,,,,,,,,,,,,1,0,1,0,0,0,0,1,,,0,,1,0,0,"0,00","0,00",,"0,00"
Unnamed Function,"mockStrapi.plugin.(unnamed_function_4).service.(unnamed_function_5).signCSR.(unnamed_function_7)",,,,,,,,,,,,,,,,,,,,,,,,1,0,1,0,0,0,0,1,,,0,,1,0,0,"0,00","0,00",,"0,00"
Unnamed Function,"mockStrapi.plugin.(unnamed_function_4).service.(unnamed_function_5).signCSR.(unnamed_function_7)",,,,,,,,,,,,,,,,,,,,,,,,1,0,1,0,0,0,0,1,,,0,,1,0,0,"0,00","0,00",,"0,00"
Public Method,"module.exports.activate",,,,,,,,,,,,,,,,,,,,,,,,21,3,18,0,8,4,7,2,,,1,,2,0,0,"0,00","0,00",,"0,00"
Public Method,"module.exports.activateLicense",,,,,,,,,,,,,,,,,,,,,,,,87,15,72,0,33,17,27,9,,,1,,10,0,0,"0,00","0,00",,"0,00"
Unnamed Function,"module.exports.activateLicense.existingActivation.(unnamed_function_1)",,,,,,,,,,,,,,,,,,,,,,,,0,0,0,0,0,0,0,1,,,0,,1,0,0,"0,00","0,00",,"0,00"
Public Method,"module.exports.checkRevocation",,,,,,,,,,,,,,,,,,,,,,,,24,4,20,0,8,1,8,4,,,1,,4,0,0,"0,00","0,00",,"0,00"
Public Method,"module.exports.computeFingerprint",,,,,,,,,,,,,,,,,,,,,,,,5,0,5,0,3,2,3,1,,,0,,1,0,0,"0,00","0,00",,"0,00"
Public Method,"module.exports.create",,,,,,,,,,,,,,,,,,,,,,,,22,1,21,0,6,3,5,2,,,1,,2,0,0,"0,00","0,00",,"0,00"
Public Method,"module.exports.create",,,,,,,,,,,,,,,,,,,,,,,,58,10,48,0,21,7,16,7,,,3,,7,0,0,"0,00","0,00",,"0,00"
Public Method,"module.exports.create",,,,,,,,,,,,,,,,,,,,,,,,20,2,18,0,5,2,4,2,,,1,,2,0,0,"0,00","0,00",,"0,00"
Public Method,"module.exports.createLicenseFromPayment",,,,,,,,,,,,,,,,,,,,,,,,18,2,16,0,4,2,3,2,,,0,,2,0,0,"0,00","0,00",,"0,00"
Public Method,"module.exports.deactivate",,,,,,,,,,,,,,,,,,,,,,,,14,1,13,0,6,3,5,2,,,1,,2,0,0,"0,00","0,00",,"0,00"
Public Method,"module.exports.deactivateLicense",,,,,,,,,,,,,,,,,,,,,,,,39,7,32,0,11,3,11,4,,,1,,7,0,0,"0,00","0,00",,"0,00"
Unnamed Function,"module.exports.deactivateLicense.(unnamed_function_3)",,,,,,,,,,,,,,,,,,,,,,,,1,0,1,0,0,0,0,1,,,0,,1,0,0,"0,00","0,00",,"0,00"
Unnamed Function,"module.exports.deactivateLicense.activation.(unnamed_function_2)",,,,,,,,,,,,,,,,,,,,,,,,0,0,0,0,0,0,0,1,,,0,,1,0,0,"0,00","0,00",,"0,00"
Unnamed Function,"module.exports.deactivateLicense.remainingActivations.(unnamed_function_4)",,,,,,,,,,,,,,,,,,,,,,,,0,0,0,0,0,0,0,1,,,0,,1,0,0,"0,00","0,00",,"0,00"
Public Method,"module.exports.delete",,,,,,,,,,,,,,,,,,,,,,,,21,4,17,0,8,2,7,3,,,2,,3,0,0,"0,00","0,00",,"0,00"
Public Method,"module.exports.extractMachineIdFromCert",,,,,,,,,,,,,,,,,,,,,,,,22,4,18,0,11,4,10,4,,,2,,5,0,0,"0,00","0,00",,"0,00"
Unnamed Function,"module.exports.extractMachineIdFromCert.cnAttr.(unnamed_function_1)",,,,,,,,,,,,,,,,,,,,,,,,1,0,1,0,0,0,0,1,,,0,,1,0,0,"0,00","0,00",,"0,00"
Public Method,"module.exports.find",,,,,,,,,,,,,,,,,,,,,,,,10,0,10,0,4,1,4,2,,,1,,2,0,0,"0,00","0,00",,"0,00"
Public Method,"module.exports.find",,,,,,,,,,,,,,,,,,,,,,,,24,3,21,0,9,4,6,4,,,1,,4,0,0,"0,00","0,00",,"0,00"
Public Method,"module.exports.find",,,,,,,,,,,,,,,,,,,,,,,,24,3,21,0,10,3,8,4,,,1,,4,0,0,"0,00","0,00",,"0,00"
Public Method,"module.exports.find",,,,,,,,,,,,,,,,,,,,,,,,10,0,10,0,4,1,4,2,,,1,,2,0,0,"0,00","0,00",,"0,00"
Public Method,"module.exports.findBySlug",,,,,,,,,,,,,,,,,,,,,,,,18,3,15,0,7,2,6,3,,,2,,3,0,0,"0,00","0,00",,"0,00"
Public Method,"module.exports.findOne",,,,,,,,,,,,,,,,,,,,,,,,15,0,15,0,7,2,6,3,,,2,,3,0,0,"0,00","0,00",,"0,00"
Public Method,"module.exports.findOne",,,,,,,,,,,,,,,,,,,,,,,,24,4,20,0,11,4,8,4,,,2,,4,0,0,"0,00","0,00",,"0,00"
Public Method,"module.exports.findOne",,,,,,,,,,,,,,,,,,,,,,,,18,3,15,0,7,2,6,3,,,2,,3,0,0,"0,00","0,00",,"0,00"
Public Method,"module.exports.findOne",,,,,,,,,,,,,,,,,,,,,,,,15,0,15,0,7,2,6,3,,,2,,3,0,0,"0,00","0,00",,"0,00"
Public Method,"module.exports.generateSerialNumber",,,,,,,,,,,,,,,,,,,,,,,,4,0,4,0,2,1,2,1,,,0,,1,0,0,"0,00","0,00",,"0,00"
Public Method,"module.exports.getDownloadUrl",,,,,,,,,,,,,,,,,,,,,,,,46,8,38,0,17,6,15,6,,,2,,6,0,0,"0,00","0,00",,"0,00"
Public Method,"module.exports.getItems",,,,,,,,,,,,,,,,,,,,,,,,24,4,20,0,11,4,8,4,,,2,,4,0,0,"0,00","0,00",,"0,00"
Public Method,"module.exports.getLatestVersion",,,,,,,,,,,,,,,,,,,,,,,,17,3,14,0,9,4,6,3,,,2,,3,0,0,"0,00","0,00",,"0,00"
Public Method,"module.exports.getLicenseStatus",,,,,,,,,,,,,,,,,,,,,,,,19,2,17,0,4,1,4,2,,,1,,3,0,0,"0,00","0,00",,"0,00"
Unnamed Function,"module.exports.getLicenseStatus.activations_count.(unnamed_function_6)",,,,,,,,,,,,,,,,,,,,,,,,1,0,1,0,0,0,0,1,,,0,,1,0,0,"0,00","0,00",,"0,00"
Public Method,"module.exports.getVersions",,,,,,,,,,,,,,,,,,,,,,,,18,3,15,0,9,4,6,3,,,2,,3,0,0,"0,00","0,00",,"0,00"
Public Method,"module.exports.handlePayment",,,,,,,,,,,,,,,,,,,,,,,,34,4,30,0,18,5,16,5,,,2,,5,0,0,"0,00","0,00",,"0,00"
Public Method,"module.exports.heartbeat",,,,,,,,,,,,,,,,,,,,,,,,59,12,47,0,27,15,17,8,,,1,,8,0,0,"0,00","0,00",,"0,00"
Public Method,"module.exports.heartbeat",,,,,,,,,,,,,,,,,,,,,,,,17,2,15,0,6,2,5,2,,,1,,2,0,0,"0,00","0,00",,"0,00"
Public Method,"module.exports.loadCACert",,,,,,,,,,,,,,,,,,,,,,,,11,1,10,0,6,2,5,2,,,1,,2,0,0,"0,00","0,00",,"0,00"
Public Method,"module.exports.loadCACertificate",,,,,,,,,,,,,,,,,,,,,,,,4,0,4,0,2,1,2,1,,,0,,1,0,0,"0,00","0,00",,"0,00"
Public Method,"module.exports.loadCAKey",,,,,,,,,,,,,,,,,,,,,,,,14,2,12,0,7,1,7,3,,,1,,3,0,0,"0,00","0,00",,"0,00"
Public Method,"module.exports.markAsPaid",,,,,,,,,,,,,,,,,,,,,,,,46,6,40,0,13,4,11,5,,,2,,5,0,0,"0,00","0,00",,"0,00"
Public Method,"module.exports.parseClientCertFromHeaders",,,,,,,,,,,,,,,,,,,,,,,,24,2,22,0,8,5,3,2,,,1,,2,0,0,"0,00","0,00",,"0,00"
Public Method,"module.exports.refund",,,,,,,,,,,,,,,,,,,,,,,,47,7,40,0,14,5,12,5,,,2,,6,0,0,"0,00","0,00",,"0,00"
Unnamed Function,"module.exports.refund.where.order_item.$in.(unnamed_function_1)",,,,,,,,,,,,,,,,,,,,,,,,1,0,1,0,0,0,0,1,,,0,,1,0,0,"0,00","0,00",,"0,00"
Public Method,"module.exports.revoke",,,,,,,,,,,,,,,,,,,,,,,,25,3,22,0,8,2,7,3,,,2,,3,0,0,"0,00","0,00",,"0,00"
Public Method,"module.exports.revoke",,,,,,,,,,,,,,,,,,,,,,,,21,3,18,0,7,2,6,3,,,2,,3,0,0,"0,00","0,00",,"0,00"
Public Method,"module.exports.revokeClientCertificate",,,,,,,,,,,,,,,,,,,,,,,,23,5,18,0,7,1,7,2,,,1,,2,0,0,"0,00","0,00",,"0,00"
Public Method,"module.exports.revokeLicense",,,,,,,,,,,,,,,,,,,,,,,,34,5,29,0,9,1,9,4,,,2,,5,0,0,"0,00","0,00",,"0,00"
Unnamed Function,"module.exports.revokeLicense.(for_1).(unnamed_function_5)",,,,,,,,,,,,,,,,,,,,,,,,1,0,1,0,0,0,0,1,,,0,,1,0,0,"0,00","0,00",,"0,00"
Public Method,"module.exports.revokeLicenseFromPayment",,,,,,,,,,,,,,,,,,,,,,,,23,3,20,0,5,2,4,2,,,1,,2,0,0,"0,00","0,00",,"0,00"
Public Method,"module.exports.setNonce",,,,,,,,,,,,,,,,,,,,,,,,11,2,9,0,6,3,5,2,,,1,,2,0,0,"0,00","0,00",,"0,00"
Public Method,"module.exports.signCSR",,,,,,,,,,,,,,,,,,,,,,,,70,12,58,0,24,13,21,1,,,0,,2,0,0,"0,00","0,00",,"0,00"
Unnamed Function,"module.exports.signCSR.subjectAttrs.(unnamed_function_2)",,,,,,,,,,,,,,,,,,,,,,,,1,0,1,0,0,0,0,1,,,0,,1,0,0,"0,00","0,00",,"0,00"
Public Method,"module.exports.signResponse",,,,,,,,,,,,,,,,,,,,,,,,15,3,12,0,6,3,5,2,,,1,,2,0,0,"0,00","0,00",,"0,00"
Public Method,"module.exports.update",,,,,,,,,,,,,,,,,,,,,,,,18,1,17,0,8,3,6,3,,,2,,3,0,0,"0,00","0,00",,"0,00"
Public Method,"module.exports.update",,,,,,,,,,,,,,,,,,,,,,,,19,3,16,0,8,3,6,3,,,2,,3,0,0,"0,00","0,00",,"0,00"
Public Method,"module.exports.validate",,,,,,,,,,,,,,,,,,,,,,,,12,1,11,0,7,3,6,2,,,1,,2,0,0,"0,00","0,00",,"0,00"
Public Method,"module.exports.validateActivationRequest",,,,,,,,,,,,,,,,,,,,,,,,21,5,16,0,10,1,9,5,,,1,,5,0,0,"0,00","0,00",,"0,00"
Public Method,"module.exports.validateCSR",,,,,,,,,,,,,,,,,,,,,,,,19,3,16,0,10,4,9,4,,,3,,4,0,0,"0,00","0,00",,"0,00"
Public Method,"module.exports.validateDeactivationRequest",,,,,,,,,,,,,,,,,,,,,,,,13,3,10,0,6,1,5,3,,,1,,3,0,0,"0,00","0,00",,"0,00"
Public Method,"module.exports.validateLicense",,,,,,,,,,,,,,,,,,,,,,,,79,15,64,0,30,16,20,10,,,1,,10,0,0,"0,00","0,00",,"0,00"
Public Method,"module.exports.verifyClientCert",,,,,,,,,,,,,,,,,,,,,,,,31,6,25,0,13,6,13,4,,,2,,4,0,0,"0,00","0,00",,"0,00"
Public Method,"module.exports.verifyNonce",,,,,,,,,,,,,,,,,,,,,,,,9,2,7,0,4,1,4,2,,,1,,3,0,0,"0,00","0,00",,"0,00"
Unnamed Function,"module.exports.verifyNonce.(unnamed_function_3)",,,,,,,,,,,,,,,,,,,,,,,,1,0,1,0,0,0,0,1,,,0,,1,0,0,"0,00","0,00",,"0,00"
Public Method,"module.exports.verifyRequestSignature",,,,,,,,,,,,,,,,,,,,,,,,17,2,15,0,7,3,7,2,,,1,,2,0,0,"0,00","0,00",,"0,00"
File,"order.js",37,6,32,0,4,,,0,,,8,,7,,,,,,,,,,,232,40,192,0,87,34,63,1,7,,3,"0,00",31,0,0,"0,00","0,00",,"0,00"
Function,"parseCSR",,,,,,,,,,,,,,,,,,,,,,,,15,0,15,0,6,3,6,2,,,1,,2,0,0,"0,00","0,00",,"0,00"
Ambiguous Method,"parseClientCertFromHeaders",,,,,,,,,,,,,,,,,,,,,,,,,,,,,,,,,,,,,0,0,"0,00","0,00",,"0,00"
File,"pluginId.js",0,0,0,0,1,,,0,,,1,,0,,,,,,,,,,,7,1,6,0,2,0,2,1,1,,0,"0,00",1,0,0,"0,00","0,00",,"0,00"
File,"policies.test.js",238,51,187,0,1,,,0,,,35,,34,,,,,,,,,,,238,51,187,0,79,18,72,1,1,,0,"0,00",35,0,0,"0,00","0,00",,"0,00"
File,"product.js",22,4,19,0,3,,,0,,,10,,9,,,,,,,,,,,213,41,172,0,91,37,66,1,6,,2,"0,00",31,0,0,"0,00","0,00",,"0,00"
File,"rate-limit.js",33,6,27,0,3,,,0,,,2,,1,,,,,,,,,,,35,7,28,0,21,7,16,1,5,,2,"0,00",6,0,0,"0,00","0,00",,"0,00"
Ambiguous Method,"refund",,,,,,,,,,,,,,,,,,,,,,,,,,,,,,,,,,,,,0,0,"0,00","0,00",,"0,00"
Ambiguous Method,"register",,,,,,,,,,,,,,,,,,,,,,,,,,,,,,,,,,,,,0,0,"0,00","0,00",,"0,00"
File,"register.js",3,0,3,0,1,,,0,,,2,,1,,,,,,,,,,,5,1,4,0,3,0,3,1,1,,0,"0,00",2,0,0,"0,00","0,00",,"0,00"
Ambiguous Method,"revoke",,,,,,,,,,,,,,,,,,,,,,,,,,,,,,,,,,,,,0,0,"0,00","0,00",,"0,00"
Ambiguous Method,"revokeClientCertificate",,,,,,,,,,,,,,,,,,,,,,,,,,,,,,,,,,,,,0,0,"0,00","0,00",,"0,00"
Ambiguous Method,"revokeLicense",,,,,,,,,,,,,,,,,,,,,,,,,,,,,,,,,,,,,0,0,"0,00","0,00",,"0,00"
Ambiguous Method,"revokeLicenseFromPayment",,,,,,,,,,,,,,,,,,,,,,,,,,,,,,,,,,,,,0,0,"0,00","0,00",,"0,00"
Ambiguous Method,"setNonce",,,,,,,,,,,,,,,,,,,,,,,,,,,,,,,,,,,,,0,0,"0,00","0,00",,"0,00"
File,"setup.js",10,0,10,0,1,,,0,,,20,,19,,,,,,,,,,,83,5,64,14,5,1,5,1,1,,0,"0,22",20,0,0,"0,00","0,00",,"0,00"
Ambiguous Method,"signResponse",,,,,,,,,,,,,,,,,,,,,,,,,,,,,,,,,,,,,0,0,"0,00","0,00",,"0,00"
File,"strapi-server.js",0,0,0,0,1,,,0,,,1,,0,,,,,,,,,,,18,2,2,14,2,0,2,1,1,,0,"7,00",1,0,0,"0,00","0,00",,"0,00"
File,"utils.test.js",84,15,69,0,1,,,0,,,19,,18,,,,,,,,,,,84,15,69,0,51,12,49,1,1,,0,"0,00",19,0,0,"0,00","0,00",,"0,00"
Ambiguous Method,"validate",,,,,,,,,,,,,,,,,,,,,,,,,,,,,,,,,,,,,0,0,"0,00","0,00",,"0,00"
Ambiguous Method,"validateActivationRequest",,,,,,,,,,,,,,,,,,,,,,,,,,,,,,,,,,,,,0,0,"0,00","0,00",,"0,00"
Ambiguous Method,"validateCSR",,,,,,,,,,,,,,,,,,,,,,,,,,,,,,,,,,,,,0,0,"0,00","0,00",,"0,00"
Ambiguous Method,"validateDeactivationRequest",,,,,,,,,,,,,,,,,,,,,,,,,,,,,,,,,,,,,0,0,"0,00","0,00",,"0,00"
File,"validation.js",18,4,14,0,3,,,0,,,4,,3,,,,,,,,,,,59,14,45,0,31,9,25,1,5,,3,"0,00",13,0,0,"0,00","0,00",,"0,00"
File,"validation.test.js",190,46,144,0,1,,,0,,,21,,20,,,,,,,,,,,190,46,144,0,72,6,69,1,2,,1,"0,00",22,0,0,"0,00","0,00",,"0,00"
File,"verify-mtls.js",74,17,57,0,6,,,0,,,2,,1,,,,,,,,,,,84,19,65,0,43,10,36,1,10,,3,"0,00",11,0,0,"0,00","0,00",,"0,00"
File,"verify-nonce.js",25,6,19,0,3,,,0,,,2,,1,,,,,,,,,,,27,7,20,0,15,4,13,1,4,,2,"0,00",5,0,0,"0,00","0,00",,"0,00"
Ambiguous Method,"verifyClientCert",,,,,,,,,,,,,,,,,,,,,,,,,,,,,,,,,,,,,0,0,"0,00","0,00",,"0,00"
Ambiguous Method,"verifyNonce",,,,,,,,,,,,,,,,,,,,,,,,,,,,,,,,,,,,,0,0,"0,00","0,00",,"0,00"
Ambiguous Method,"verifyRequestSignature",,,,,,,,,,,,,,,,,,,,,,,,,,,,,,,,,,,,,0,0,"0,00","0,00",,"0,00"
File,"webhook.js",25,3,22,0,3,,,0,,,4,,3,,,,,,,,,,,96,13,69,14,32,12,25,1,5,,2,"0,20",10,0,0,"0,00","0,00",,"0,00"
